Brand,Count
Vitron,748
TCL,463
Hisense,378
VITRON,310
CTC,192
Samsung,170
Amtec,166
Skyworth,166
Vision,149
GLD,143
BLUETOOTH,118
Gld,98
VISION,82
Ailyons,53
Syinix,52
LG,50
Royal,47
Synix,40
HISENSE,39
Glaze,38
OFFER,27
BLUETOOTH-ENABLED,25
Sony,24
MG,19
AMTEC,19
NEW,19
32,18
CTC32,16
CLEARANCE,15
VITRON43,15
Artel,15
Ica,14
EOCO,13
SKYWORTH,13
Wyinix,13
Infinix,13
SYINIX,13
SOLARMAX,12
SONY,11
Hisense43,11
AILYONS,11
Vitron32,10
TORNADO,10
TCL43,10
Euroken,9
GLAZE,9
New,9
Solarmax,9
Hisense32,9
TOP,8
Amtec32,8
TCL32,8
VITRON32,8
ROYAL,7
VISION43,7
BLACK,7
SAMSUNG,7
SHARE,6
Latest,6
Vision32,6
vitron,6
GLD32,6
TV,6
,5
Globalstar,5
Haier,5
Syinix32,5
43,5
VISIONPLUS,5
55,5
GLOBALSTAR,4
VISION32,4
VisionPlus,4
22,4
24,4
STAR,4
Itel,4
Iconix,4
VITRON55,4
Special,4
ENJOY,4
VITRON50,3
50,3
SARDIN,3
Hisense43inch,3
Tcl,3
Skyworth32,3
19,3
ANNIVESARY,3
Premier,3
vision,2
KONKA,2
VisionPlus32,2
65,2
Skyview,2
HAIER,2
Solar,2
Best,2
Von,2
LIMITED,2
AMTEC43,2
SAVE,2
SONAR,2
Konka,2
32inch,2
RESTOCKED,2
SPECIAL,2
WK,2
ANNIVERSARY,2
Amtech,2
LYONS,1
23,1
HIFINIT,1
OFFERVITRON,1
22quot,1
"Vitron,43",1
"4388FS,43",1
CRAZY,1
CL,1
Infinix32,1
Television,1
43inch,1
SKYWORTHQUALITY,1
GOOD,1
VITRON50Inch,1
Share,1
40INCH,1
TV.,1
The,1
"GLD,",1
SKYMAX,1
GREAT,1
CTC32Inch,1
Skyworth32inch,1
AIYLONS,1
SMART,1
ENNOY,1
BRING,1
"Vitron,40",1
FESTIVEOFFERSSMAET,1
ALYONS,1
GLAZE50,1
43S5400,1
itron,1
art,1
24INCH,1
WEYON,1
BEST,1
Ailyon,1
Ailynos,1
"SAMSUNG,UA32T5300AU,32",1
premier,1
Sonar,1
AiLyons,1
OFFERSynix,1
StarMax,1
VISIONPLUS43,1
Frameless,1
Hisense32inch,1
HTC4388FS,1
HTC,1
SM100,1
Get,1
HTC5568US,1
IRRESTITABLE,1
Promotion,1
HOT,1
CONNECTING,1
Android,1
AUGUST,1
Lg,1
HANA,1
ICA,1
EUROKEN,1
32quot,1
Viewo,1
CT-22,1
-,1
EXCLUSIVE,1
40,1
",",1
ORIGINAL,1
"LG,",1
Toshiro,1
Star,1
AFFORDABLE,1
VON,1
WYinix,1
amtec,1
XIAOMI,1
58,1
70,1
40T5300,1
85,1
